编号,等级,名字,属性,属性,特性,HP,攻击,防御,特攻,特防,速度,HP_v,攻击_v,防御_v,特攻_v,特防_v,速度_v
102,6,蛋蛋,草,超能力,叶绿素,27,22,24,27,23,21,1,22,4,23,10,4
#047,38,派拉斯特,虫,草,干燥皮肤,101,100,83,92,102,71,1,11,29,15,27,22
#019,14,小拉达,一般,,毅力,42,36,33,35,34,43,24,11,27,31,22,16
#095,13,大岩蛇,岩石,地面,结实,38,36,30,60,33,38,22,21,4,13,26,9
#013,26,独角虫,虫,毒,鳞粉,57,37,42,43,38,58,9,28,10,27,5,12
#111,39,独角犀牛,地面,岩石,坚硬脑袋,125,95,57,119,68,56,24,17,29,22,26,10
#061,16,蚊香君,水,,湿气,55,44,44,46,35,56,6,15,25,27,10,12
#109,27,瓦斯弹,毒,,化学变化气体,88,56,52,78,52,50,22,16,31,23,24,1
#095,8,大岩蛇,岩石,地面,结实,25,26,23,43,28,28,7,23,20,31,1,19
#148,13,哈克龙,龙,,蜕皮,48,41,40,34,39,40,31,0,20,2,21,6
#145,32,闪电鸟,电,飞行,压迫感,129,86,112,91,93,98,20,20,10,15,14,29
#073,35,毒刺水母,水,毒,污泥浆,102,81,89,68,128,91,14,11,7,8,12,25
#109,9,瓦斯弹,毒,,化学变化气体,31,32,31,33,25,27,5,24,14,30,28,22
#016,16,波波,一般,飞行,蹒跚,48,38,33,29,29,41,4,21,5,11,6,22
#023,39,阿柏蛇,毒,,蜕皮,86,73,52,70,77,77,4,17,9,2,22,20
#109,33,瓦斯弹,毒,,化学变化气体,79,78,62,96,57,59,25,17,5,1,4,21
#088,5,臭泥,毒,,黏着,25,25,19,23,21,20,21,24,19,19,25,29
#049,3,摩鲁蛾,虫,毒,有色眼镜,17,20,20,19,20,21,3,1,26,2,11,17
#010,11,绿毛虫,虫,,鳞粉,31,28,28,28,26,31,12,16,13,1,7,27
#062,2,蚊香泳士,水,格斗,湿气,16,19,19,19,19,18,15,7,27,19,12,28
#110,27,双弹瓦斯,毒,,化学变化气体,79,86,68,92,65,58,0,31,0,4,1,19
#108,30,大舌头,一般,,迟钝,118,51,68,73,67,52,5,0,31,7,14,9
#145,5,闪电鸟,电,飞行,压迫感,25,26,30,24,27,27,30,24,26,26,16,12
#045,25,霸王花,草,毒,叶绿素,89,68,73,77,71,44,17,13,24,13,27,26
#133,37,伊布,一般,,适应力,109,68,65,72,82,62,26,22,24,9,17,9
#073,9,毒刺水母,水,毒,污泥浆,39,32,33,32,41,39,11,24,14,9,10,24
#033,33,尼多力诺,毒,,斗争心,95,84,62,60,66,72,23,27,19,22,22,18
#027,7,穿山鼠,地面,,沙隐,28,31,21,31,21,23,18,2,5,18,6,25
#044,28,臭臭花,草,毒,叶绿素,75,66,81,63,73,39,23,17,3,17,29,25
#149,11,快龙,龙,飞行,精神力,48,51,43,46,39,38,24,8,25,8,1,4
#140,31,化石盔,岩石,水,战斗盔甲,75,88,73,77,59,64,16,17,0,6,31,10
#132,39,百变怪,一般,,柔软,105,62,71,79,77,72,4,12,14,29,10,19
#091,12,刺甲贝,水,冰,连续攻击,41,40,37,67,34,41,20,13,16,13,20,10
#041,18,超音蝠,毒,飞行,精神力,50,37,32,35,35,39,24,30,3,8,13,31
#099,7,巨钳蟹,水,,硬壳盔甲,28,35,24,34,23,28,28,0,1,18,28,17
#106,11,飞腿郎,格斗,,舍身,36,44,29,32,45,37,11,12,18,25,8,23
#063,33,凯西,超能力,,精神力,79,31,94,40,54,82,23,1,19,16,30,31
#083,35,大葱鸭,一般,飞行,精神力,111,90,85,60,64,65,24,11,10,3,11,17
#008,28,卡咪龟,水,,激流,85,62,60,80,77,66,24,0,30,6,11,2
#148,8,哈克龙,龙,,蜕皮,33,32,30,31,31,29,3,16,10,8,0,2
#070,28,口呆花,草,毒,叶绿素,91,88,69,47,59,57,16,25,9,13,21,12
#054,32,可达鸭,水,,无关天气,87,55,70,59,54,69,16,7,0,20,14,18
#041,39,超音蝠,毒,飞行,精神力,108,64,58,58,79,83,28,1,16,14,31,15
#150,6,超梦,超能力,,压迫感,33,30,36,29,28,33,18,5,28,18,25,15
#083,30,大葱鸭,一般,飞行,精神力,99,74,60,64,63,67,21,12,10,3,3,26
#061,18,蚊香君,水,,湿气,65,49,40,45,47,58,1,7,29,28,6,16
#029,20,尼多兰,毒,,斗争心,62,46,42,41,39,39,19,16,15,27,12,1
#049,14,摩鲁蛾,虫,毒,有色眼镜,54,42,51,39,38,44,24,31,6,3,25,27
#030,28,尼多娜,毒,,斗争心,82,64,61,58,54,59,26,5,12,14,9,4
#021,27,烈雀,一般,飞行,锐利目光,74,63,47,47,43,70,17,30,27,20,18,19
#115,40,袋兽,一般,,胆量,159,101,55,90,101,103,0,16,25,15,0,28
#080,29,呆壳兽,水,超能力,我行我素,116,79,84,96,86,55,15,3,19,27,31,15
#085,8,嘟嘟利,一般,飞行,早起,31,36,26,26,27,34,9,26,23,25,26,24
#129,22,鲤鱼王,水,,悠游自如,47,28,27,53,37,60,15,4,28,27,29,13
#019,18,小拉达,一般,,毅力,56,39,35,33,33,49,29,11,27,26,30,7
#085,10,嘟嘟利,一般,飞行,早起,36,40,35,31,35,45,9,9,24,1,7,25
#149,38,快龙,龙,飞行,精神力,161,133,105,111,113,85,15,21,22,14,17,17
#043,10,走路草,草,毒,叶绿素,37,30,31,31,35,26,2,29,13,1,8,3
#104,5,卡拉卡拉,地面,,避雷针,22,20,21,25,22,21,6,24,20,26,29,11
#100,21,霹雳电球,电,,静电,60,41,52,51,47,71,30,11,6,21,15,3
#082,6,三合一磁怪,电,钢,结实,24,25,31,29,26,25,13,2,2,6,29,10
#070,36,口呆花,草,毒,叶绿素,119,108,86,64,66,60,11,13,29,13,21,25
#047,25,派拉斯特,虫,草,干燥皮肤,85,70,60,70,56,44,30,1,10,19,22,29
#012,26,巴大蝶,虫,飞行,复眼,88,46,78,52,59,62,11,2,16,20,31,6
#029,23,尼多兰,毒,,斗争心,72,41,51,44,43,52,25,25,0,13,4,14
#023,40,阿柏蛇,毒,,蜕皮,104,86,65,73,59,63,29,26,18,16,19,25
#063,24,凯西,超能力,,精神力,70,37,72,32,55,74,18,4,1,0,11,18
#013,7,独角虫,虫,毒,鳞粉,26,22,22,22,21,24,23,3,5,6,1,28
#007,28,杰尼龟,水,,激流,65,50,47,58,59,59,12,27,17,31,5,5
#096,12,催眠貘,超能力,,预知梦,46,30,29,36,46,33,4,26,7,18,13,10
#026,26,雷丘,电,,静电,88,67,80,55,66,82,28,30,8,5,16,31
#124,17,迷唇姐,冰,超能力,预知梦,57,37,57,31,56,58,26,5,9,19,13,4
#088,20,臭泥,毒,,黏着,81,55,38,40,42,37,21,5,13,24,10,2
#143,36,卡比兽,一般,,厚脂肪,170,110,84,75,104,64,9,3,6,9,6,22
#079,40,呆呆兽,水,超能力,我行我素,140,101,67,76,72,47,30,20,16,4,13,31
#137,33,多边兽,一般,,下载,111,62,81,75,80,47,7,8,29,13,1,8
#008,38,卡咪龟,水,,激流,111,72,92,94,84,73,31,31,10,13,29,1
#087,40,白海狮,水,冰,湿润之躯,138,100,75,106,125,101,19,14,10,19,18,19
#118,26,角金鱼,水,,水幕,76,67,50,60,55,55,2,31,19,27,31,28
#012,17,巴大蝶,虫,飞行,复眼,65,39,57,46,47,39,21,3,18,26,17,17
#050,2,地鼠,地面,,沙穴,12,17,17,17,18,19,13,24,18,4,19,4
#048,40,毛球,虫,毒,有色眼镜,144,84,66,66,85,86,11,25,10,21,18,12
#070,8,口呆花,草,毒,叶绿素,32,31,35,28,24,27,12,9,19,11,13,24
#085,25,嘟嘟利,一般,飞行,早起,81,82,58,58,51,86,23,13,28,19,16,2
#054,30,可达鸭,水,,无关天气,94,73,69,45,56,60,1,18,29,3,29,13
#009,37,水箭龟,水,,激流,128,97,97,109,123,86,22,31,11,11,20,14
#076,13,隆隆岩,岩石,地面,结实,53,55,36,57,34,34,20,2,15,10,22,11
#023,15,阿柏蛇,毒,,蜕皮,42,37,28,38,34,43,1,24,2,22,24,26
#147,37,迷你龙,龙,,蜕皮,99,86,68,69,79,69,18,6,30,26,2,19
#080,38,呆壳兽,水,超能力,我行我素,161,86,116,125,92,61,19,12,12,24,9,30
#007,23,杰尼龟,水,,激流,67,43,50,64,61,39,20,1,3,21,0,7
#002,20,妙蛙草,草,毒,茂盛,61,57,60,45,50,42,18,16,15,28,17,11
#142,32,化石翼龙,岩石,飞行,压迫感,103,91,79,66,80,111,18,23,24,17,2,10
#112,15,钻角犀兽,地面,岩石,坚硬脑袋,64,59,39,54,36,36,18,12,12,1,7,28
#144,26,急冻鸟,冰,飞行,压迫感,104,67,71,76,82,64,4,18,1,31,31,6
#098,33,大钳蟹,水,,硬壳盔甲,82,108,51,86,41,60,15,14,6,31,1,11
#073,29,毒刺水母,水,毒,污泥浆,109,77,86,68,95,88,20,24,23,19,22,14
#095,33,大岩蛇,岩石,地面,结实,79,51,50,139,56,72,12,9,4,25,19,17
#144,39,急冻鸟,冰,飞行,压迫感,145,83,108,100,133,111,16,9,21,12,10,27
#039,11,胖丁,一般,妖精,好胜,52,28,29,26,23,25,22,11,27,27,19,10
#095,17,大岩蛇,岩石,地面,结实,45,33,34,77,39,50,12,12,8,8,29,1
#113,18,吉利蛋,一般,,天恩,121,28,35,25,57,35,6,27,30,30,15,6
#060,27,蚊香蝌蚪,水,,湿气,84,50,53,52,55,70,7,17,1,16,11,17
#077,16,小火马,火,,引火,56,46,41,42,41,50,18,14,2,25,16,4
#077,26,小火马,火,,引火,74,72,59,52,51,75,1,0,6,17,0,11
#088,2,臭泥,毒,,黏着,15,19,17,17,17,17,30,29,8,20,17,4
#066,34,腕力,格斗,,无防守,97,85,60,71,50,50,12,21,13,15,27,0
#115,5,袋兽,一般,,胆量,30,29,20,24,23,25,21,17,8,31,8,25
#122,34,魔墙人偶,超能力,妖精,过滤,99,68,102,67,123,98,5,7,4,26,2,16
#118,32,角金鱼,水,,水幕,81,71,55,62,63,79,14,17,24,4,23,13
#043,26,走路草,草,毒,叶绿素,82,57,66,65,61,49,25,27,23,28,16,20
#067,28,豪力,格斗,,无防守,108,81,57,65,54,48,17,23,19,3,4,31
#075,8,隆隆石,岩石,地面,结实,31,33,28,39,27,23,20,1,29,1,5,8
#078,8,烈焰马,火,,引火,33,32,31,32,32,38,8,10,11,20,23,27
#013,8,独角虫,虫,毒,鳞粉,28,22,20,23,19,25,4,7,2,1,20,31
#078,22,烈焰马,火,,引火,62,61,60,59,60,68,5,12,5,21,23,18
#025,9,皮卡丘,电,,静电,30,29,25,26,26,38,11,24,26,13,3,9
#057,14,火暴猴,格斗,,愤怒穴位,55,51,39,33,42,50,11,11,3,28,31,14
#140,3,化石盔,岩石,水,战斗盔甲,16,20,19,20,18,19,23,31,15,2,12,30
#016,14,波波,一般,飞行,蹒跚,37,38,29,36,29,34,9,29,1,3,27,12
#060,20,蚊香蝌蚪,水,,湿气,66,47,32,38,42,55,20,15,26,8,24,8
#143,34,卡比兽,一般,,厚脂肪,179,101,67,86,113,54,27,4,9,17,2,23
#083,2,大葱鸭,一般,飞行,精神力,14,18,18,17,17,18,22,8,25,29,31,16
#084,29,嘟嘟,一般,飞行,早起,90,86,46,51,48,66,6,4,2,8,19,30
#045,24,霸王花,草,毒,叶绿素,81,59,72,72,67,52,21,9,24,17,15,0
#080,35,呆壳兽,水,超能力,我行我素,147,80,103,105,96,56,13,23,19,25,5,20
#123,7,飞天螳螂,虫,飞行,技术高手,28,34,27,29,28,30,7,25,26,6,21,0
#129,29,鲤鱼王,水,,悠游自如,71,34,40,59,45,75,3,9,26,10,13,4
#125,20,电击兽,电,,静电,60,64,64,50,54,66,22,11,22,11,10,3
#125,40,电击兽,电,,静电,137,111,114,95,93,102,16,22,6,27,5,17
#124,11,迷唇姐,冰,超能力,预知梦,37,27,48,27,44,40,6,23,2,26,22,24
#036,3,皮可西,妖精,,魔法防守,20,21,22,21,22,19,9,19,14,19,2,4
#087,38,白海狮,水,冰,湿润之躯,143,78,79,98,96,91,2,12,29,27,19,5
#112,8,钻角犀兽,地面,岩石,坚硬脑袋,38,38,27,36,25,23,6,21,31,5,22,17
#089,11,臭臭泥,毒,,黏着,52,39,33,36,42,33,19,4,29,10,20,3
#124,22,迷唇姐,冰,超能力,预知梦,74,51,68,41,61,73,26,3,24,8,16,10
#028,40,穿山王,地面,,沙隐,148,111,75,132,73,92,2,14,3,21,8,8
#130,40,暴鲤龙,水,飞行,威吓,158,118,67,95,106,95,5,3,12,11,12,20
#133,32,伊布,一般,,适应力,86,79,65,52,67,56,22,22,0,5,20,9
#072,29,玛瑙水母,水,毒,污泥浆,62,56,51,44,89,73,17,27,12,7,29,3
#036,28,皮可西,妖精,,魔法防守,120,71,85,77,74,58,7,27,18,3,16,22
#032,21,尼多朗,毒,,斗争心,56,46,42,40,38,43,21,17,15,9,17,24
#129,13,鲤鱼王,水,,悠游自如,40,25,21,33,27,43,9,4,24,13,31,26
#060,2,蚊香蝌蚪,水,,湿气,14,17,16,17,17,19,20,31,6,5,16,12
#037,9,六尾,火,,引火,27,25,31,24,33,30,4,29,10,24,13,26
#021,18,烈雀,一般,飞行,锐利目光,57,48,34,30,30,42,15,0,12,6,20,29
#059,15,风速狗,火,,引火,69,49,50,44,49,53,0,5,27,30,24,22
#043,20,走路草,草,毒,叶绿素,65,48,61,43,47,40,22,28,15,11,12,26
#119,14,金鱼王,水,,水幕,50,48,40,39,45,44,22,10,6,30,22,0
#029,24,尼多兰,毒,,斗争心,65,46,46,49,52,43,2,3,19,5,5,10
#026,5,雷丘,电,,静电,23,27,26,22,23,29,7,30,1,21,21,22
#070,8,口呆花,草,毒,叶绿素,34,33,31,24,23,29,9,16,15,15,19,24
#100,38,霹雳电球,电,,静电,92,63,80,76,64,104,13,20,0,6,4,4
#067,32,豪力,格斗,,无防守,112,104,55,81,55,46,13,8,10,21,26,28
#044,10,臭臭花,草,毒,叶绿素,38,32,39,30,34,27,23,11,0,4,24,18
#109,29,瓦斯弹,毒,,化学变化气体,81,58,71,89,59,48,21,13,3,23,27,5
#042,14,大嘴蝠,毒,飞行,精神力,48,44,36,39,39,44,11,25,31,15,23,25
#057,11,火暴猴,格斗,,愤怒穴位,41,39,33,33,38,41,8,25,11,1,10,1
#004,28,小火龙,火,,猛火,71,62,61,46,63,62,8,12,0,25,19,7
#105,12,嘎啦嘎啦,地面,,避雷针,39,41,35,43,39,30,19,18,30,9,10,28
#109,34,瓦斯弹,毒,,化学变化气体,96,83,56,100,76,67,8,25,8,23,2,30
#036,24,皮可西,妖精,,魔法防守,94,70,76,55,73,57,12,6,18,18,8,22
#041,9,超音蝠,毒,飞行,精神力,31,30,21,24,28,32,5,1,5,3,30,10
#058,15,卡蒂狗,火,,引火,49,45,43,34,37,42,27,14,23,22,26,6
#049,14,摩鲁蛾,虫,毒,有色眼镜,47,41,51,35,44,48,26,21,15,18,22,30
#063,16,凯西,超能力,,精神力,39,29,52,28,35,50,13,11,1,15,16,19
#104,29,卡拉卡拉,地面,,避雷针,75,59,49,89,58,52,8,12,30,5,28,19
#119,2,金鱼王,水,,水幕,16,19,17,18,19,18,19,20,0,16,25,25
#127,11,凯罗斯,虫,,破格,43,46,34,37,35,42,21,14,15,26,8,16
#048,31,毛球,虫,毒,有色眼镜,98,59,58,71,69,54,17,28,10,24,18,22
#104,8,卡拉卡拉,地面,,避雷针,29,26,28,36,28,23,6,24,2,28,29,29
#090,7,大舌贝,水,,连续攻击,24,26,25,33,21,24,12,9,12,2,17,5
#118,22,角金鱼,水,,水幕,63,57,43,48,49,47,13,25,23,29,21,11
#060,5,蚊香蝌蚪,水,,湿气,20,22,21,20,22,28,26,25,27,2,2,12
#147,24,迷你龙,龙,,蜕皮,75,57,50,49,48,56,13,5,17,30,31,24
#054,4,可达鸭,水,,无关天气,21,20,21,20,20,21,29,6,1,1,31,0
#065,6,胡地,超能力,,精神力,24,25,34,24,29,30,6,26,7,18,0,16
#020,13,拉达,一般,,毅力,43,39,30,34,36,45,2,23,25,7,13,6
#091,12,刺甲贝,水,冰,连续攻击,43,46,37,63,31,37,11,25,4,2,11,16
#125,22,电击兽,电,,静电,80,63,64,50,64,67,16,0,11,13,11,14
#095,34,大岩蛇,岩石,地面,结实,86,51,48,142,54,91,7,3,8,15,29,11
#084,36,嘟嘟,一般,飞行,早起,94,104,71,57,59,73,19,28,10,12,23,3
#067,6,豪力,格斗,,无防守,28,28,21,26,26,22,6,15,30,23,4,13
#008,3,卡咪龟,水,,激流,17,19,20,21,21,20,25,3,18,11,9,27
#055,35,哥达鸭,水,,无关天气,120,94,107,82,78,82,21,30,7,28,24,17
#138,7,菊石兽,岩石,水,硬壳盔甲,25,21,32,30,27,21,22,25,11,22,15,8
#048,25,毛球,虫,毒,有色眼镜,89,60,47,44,59,50,6,19,15,9,22,31
#142,30,化石翼龙,岩石,飞行,压迫感,108,83,65,69,65,100,16,21,24,10,16,6
#060,22,蚊香蝌蚪,水,,湿气,70,51,42,48,40,67,20,19,30,10,11,6
#137,13,多边兽,一般,,下载,43,36,41,33,40,33,31,18,10,26,29,21
#146,34,火焰鸟,火,飞行,压迫感,123,99,114,87,93,97,28,11,11,5,10,9
#084,31,嘟嘟,一般,飞行,早起,74,77,49,60,47,62,29,16,30,12,26,2
#034,11,尼多王,毒,地面,斗争心,41,44,36,34,38,42,6,18,0,16,26,24
#052,6,喵喵,一般,,技术高手,23,23,21,23,20,27,0,1,26,24,4,4
#122,28,魔墙人偶,超能力,妖精,过滤,74,47,90,71,85,86,30,2,6,7,7,5
#105,5,嘎啦嘎啦,地面,,避雷针,25,24,20,29,26,21,2,7,13,4,31,16
#090,14,大舌贝,水,,连续攻击,42,42,35,51,27,37,8,19,4,14,27,5
#035,38,皮皮,妖精,,魔法防守,120,76,76,77,84,72,21,24,15,25,19,18
#074,17,小拳石,岩石,地面,结实,53,46,39,56,31,22,4,18,10,31,29,26
#049,2,摩鲁蛾,虫,毒,有色眼镜,16,19,18,18,18,20,1,22,18,24,6,27
#122,38,魔墙人偶,超能力,妖精,过滤,94,56,116,83,131,105,23,17,22,7,13,28
#024,22,阿柏怪,毒,,蜕皮,74,60,48,59,55,59,21,11,26,1,8,10
#143,15,卡比兽,一般,,厚脂肪,85,55,38,37,59,25,26,4,3,7,16,26
#012,18,巴大蝶,虫,飞行,复眼,68,39,60,39,52,49,1,6,20,13,7,12
#002,12,妙蛙草,草,毒,茂盛,44,36,37,39,36,31,27,8,21,11,31,14
#018,7,大比鸟,一般,飞行,蹒跚,33,30,26,28,30,34,11,26,24,1,8,5
#136,29,火伊布,火,,引火,101,105,78,53,87,64,21,1,31,30,11,12
#056,30,猴怪,格斗,,愤怒穴位,88,85,62,44,60,68,10,8,5,4,6,19
#079,22,呆呆兽,水,超能力,我行我素,91,55,48,54,44,33,4,4,4,13,11,9
#029,32,尼多兰,毒,,斗争心,81,54,63,53,62,61,11,0,3,20,9,1
#072,11,玛瑙水母,水,毒,污泥浆,32,26,32,29,42,33,1,18,13,29,25,14
#082,7,三合一磁怪,电,钢,结实,28,25,34,30,28,30,0,7,0,12,2,30
#012,14,巴大蝶,虫,飞行,复眼,51,32,51,36,48,44,17,10,16,8,31,22
#075,38,隆隆石,岩石,地面,结实,107,98,54,121,72,50,17,5,31,13,8,26
#068,16,怪力,格斗,,无防守,65,65,37,52,48,37,2,24,20,29,3,11
#043,27,走路草,草,毒,叶绿素,71,50,75,58,60,33,5,7,23,11,19,18
#144,27,急冻鸟,冰,飞行,压迫感,91,75,78,87,102,82,11,12,15,8,0,28
#131,6,拉普拉斯,水,冰,硬壳盔甲,33,26,27,27,30,25,12,18,0,19,28,10
#125,36,电击兽,电,,静电,115,91,100,83,98,116,7,21,7,1,20,13
#111,30,独角犀牛,地面,岩石,坚硬脑袋,94,78,53,96,53,46,3,6,14,15,25,22
#063,9,凯西,超能力,,精神力,27,26,40,21,26,36,9,28,7,0,8,22
#065,21,胡地,超能力,,精神力,57,42,83,44,66,70,20,2,28,27,0,27
#086,27,小海狮,水,,湿润之躯,99,57,60,49,55,43,22,28,27,13,10,9
#044,7,臭臭花,草,毒,叶绿素,29,26,28,27,29,25,10,25,16,13,0,30
#116,11,墨海马,水,,狙击手,31,28,38,34,29,30,0,18,10,25,27,8
#113,2,吉利蛋,一般,,天恩,24,16,17,16,20,18,0,30,26,27,23,23
#054,35,可达鸭,水,,无关天气,99,75,79,64,71,65,12,12,1,4,27,19
#074,6,小拳石,岩石,地面,结实,26,28,21,31,21,18,28,21,15,12,28,6
#028,12,穿山王,地面,,沙隐,48,42,28,50,37,40,27,11,14,30,31,26
#012,23,巴大蝶,虫,飞行,复眼,67,44,63,43,55,50,4,17,23,23,27,3
#056,27,猴怪,格斗,,愤怒穴位,83,75,42,43,57,62,21,25,27,21,10,5
#104,37,卡拉卡拉,地面,,避雷针,96,62,70,117,55,68,8,21,15,23,7,1
#121,15,宝石海星,水,超能力,自然回复,50,46,51,41,42,54,11,10,3,16,4,23
#053,39,猫老大,一般,,技术高手,117,90,78,71,79,110,25,31,19,3,10,23
#051,36,三地鼠,地面,,沙穴,86,94,53,68,93,118,6,7,27,10,5,0
#033,34,尼多力诺,毒,,斗争心,108,80,61,78,72,80,16,0,3,8,31,11
#052,7,喵喵,一般,,技术高手,27,24,23,23,24,31,20,22,5,7,19,28
#053,9,猫老大,一般,,技术高手,35,34,33,30,28,40,8,25,29,6,4,20
#104,26,卡拉卡拉,地面,,避雷针,80,55,42,76,55,47,23,8,29,6,30,28
#114,19,蔓藤怪,草,,叶子防守,57,40,54,68,33,53,17,17,3,13,15,0
#024,38,阿柏怪,毒,,蜕皮,122,106,88,92,92,98,17,13,24,29,6,28
#019,32,小拉达,一般,,毅力,68,74,39,56,55,86,2,5,26,27,17,14
#123,4,飞天螳螂,虫,飞行,技术高手,19,24,20,23,23,25,1,9,27,2,15,12
#103,4,椰蛋树,草,超能力,叶绿素,24,25,26,23,23,19,29,18,9,1,27,17
#017,20,比比鸟,一般,飞行,蹒跚,68,44,43,55,47,49,3,0,16,3,11,21
#114,5,蔓藤怪,草,,叶子防守,25,21,26,29,22,24,20,21,15,4,0,19
#117,4,海刺龙,水,,狙击手,20,22,24,23,20,22,13,3,1,30,2,9
#021,23,烈雀,一般,飞行,锐利目光,60,45,40,34,39,55,9,4,28,10,30,5
#137,10,多边兽,一般,,下载,37,34,36,30,36,31,12,31,31,20,3,29
#061,20,蚊香君,水,,湿气,65,58,41,53,50,56,9,22,31,30,31,20
#126,36,鸭嘴火兽,火,,火焰之躯,122,105,95,72,101,106,14,20,26,10,7,20
#140,8,化石盔,岩石,水,战斗盔甲,25,28,24,35,26,28,13,2,23,19,19,25
#045,29,霸王花,草,毒,叶绿素,94,73,92,70,82,65,6,12,22,30,0,27
#048,5,毛球,虫,毒,有色眼镜,26,22,20,20,23,23,15,3,24,22,0,9
#065,18,胡地,超能力,,精神力,59,48,68,45,64,72,21,21,29,10,31,19
#105,25,嘎啦嘎啦,地面,,避雷针,81,63,57,71,68,50,24,22,12,5,3,11
#098,13,大钳蟹,水,,硬壳盔甲,42,48,28,47,21,36,1,4,23,9,20,23
#073,23,毒刺水母,水,毒,污泥浆,82,53,68,51,85,78,26,16,2,24,8,11
#040,38,胖可丁,一般,妖精,好胜,169,85,94,60,76,64,31,9,6,5,19,2
#141,27,镰刀盔,岩石,水,战斗盔甲,81,83,65,84,70,76,29,18,12,30,25,4
#045,38,霸王花,草,毒,叶绿素,146,99,114,95,97,80,16,22,0,27,17,21
#122,31,魔墙人偶,超能力,妖精,过滤,90,53,99,62,93,97,24,18,14,23,2,9
#148,34,哈克龙,龙,,蜕皮,119,99,90,83,81,65,24,10,24,6,17,28
#111,2,独角犀牛,地面,岩石,坚硬脑袋,17,20,16,19,16,16,8,22,13,10,1,13
#015,36,大针蜂,虫,毒,虫之预感,104,95,65,68,94,71,2,0,12,0,21,23
#100,23,霹雳电球,电,,静电,72,47,51,51,41,67,2,12,20,7,6,17
#123,29,飞天螳螂,虫,飞行,技术高手,92,95,49,82,71,99,14,30,23,28,9,14
#101,24,顽皮雷弹,电,,静电,89,57,59,66,70,105,6,12,25,28,7,9
#125,2,电击兽,电,,静电,15,19,20,18,19,20,18,25,14,11,23,27
#080,34,呆壳兽,水,超能力,我行我素,124,94,88,111,86,65,26,0,16,2,7,12
#096,3,催眠貘,超能力,,预知梦,19,19,17,19,20,18,22,25,29,25,8,6
#067,31,豪力,格斗,,无防守,113,89,61,61,62,49,29,10,27,10,22,1
#060,29,蚊香蝌蚪,水,,湿气,85,59,54,46,44,71,11,22,6,27,29,31
#112,25,钻角犀兽,地面,岩石,坚硬脑袋,108,99,47,79,44,53,25,5,24,11,27,8
#116,14,墨海马,水,,狙击手,40,37,37,35,26,33,5,1,7,13,12,23
#129,32,鲤鱼王,水,,悠游自如,76,28,54,69,43,75,8,7,18,18,20,16
#038,15,九尾,火,,引火,52,41,42,42,50,51,23,0,7,20,20,20
#141,15,镰刀盔,岩石,水,战斗盔甲,56,57,40,58,43,46,20,14,5,5,11,29
#004,29,小火龙,火,,猛火,66,51,69,48,62,56,26,6,15,15,1,3
#097,30,引梦貘人,超能力,,预知梦,124,65,68,67,103,70,23,13,31,26,23,10
#134,4,水伊布,水,,储水,27,21,25,22,24,21,12,6,22,27,29,28
#150,17,超梦,超能力,,压迫感,75,63,68,54,56,64,12,20,18,4,22,7
#082,7,三合一磁怪,电,钢,结实,25,25,36,30,28,27,3,29,1,22,26,9
#051,27,三地鼠,地面,,沙穴,70,78,45,58,72,90,18,7,2,18,6,14
#071,9,大食花,草,毒,叶绿素,36,40,37,31,29,33,15,21,8,15,15,6
#074,20,小拳石,岩石,地面,结实,53,55,33,58,37,33,24,25,9,24,25,0
#062,24,蚊香泳士,水,格斗,湿气,95,64,51,66,64,55,24,18,27,6,9,20
#065,34,胡地,超能力,,精神力,100,70,116,60,95,116,26,14,8,10,9,20
#026,10,雷丘,电,,静电,38,35,40,28,36,40,18,14,8,9,26,9
#143,9,卡比兽,一般,,厚脂肪,53,37,30,34,39,26,0,10,7,16,25,16
#127,37,凯罗斯,虫,,破格,118,126,68,103,93,107,6,22,1,15,26,9
#033,9,尼多力诺,毒,,斗争心,35,31,31,30,29,28,22,12,14,17,22,10
#083,22,大葱鸭,一般,飞行,精神力,73,63,58,56,50,46,29,17,2,4,18,22
#085,2,嘟嘟利,一般,飞行,早起,15,20,18,18,17,20,21,25,12,24,4,20
#104,8,卡拉卡拉,地面,,避雷针,29,24,24,31,29,26,25,26,4,26,1,28
#017,6,比比鸟,一般,飞行,蹒跚,28,26,24,26,23,27,19,4,7,28,21,23
#081,24,小磁怪,电,钢,结实,70,42,67,65,43,52,19,22,8,22,23,24
#076,25,隆隆岩,岩石,地面,结实,93,93,59,98,70,53,10,17,16,27,11,0
#081,2,小磁怪,电,钢,结实,13,16,20,19,17,17,30,12,6,15,3,9
#111,7,独角犀牛,地面,岩石,坚硬脑袋,31,28,22,33,22,19,6,17,20,6,29,18
#042,31,大嘴蝠,毒,飞行,精神力,107,71,70,67,77,75,10,1,13,3,31,11
#062,35,蚊香泳士,水,格斗,湿气,135,88,71,85,82,87,15,14,15,27,14,17
#073,3,毒刺水母,水,毒,污泥浆,19,20,21,20,24,22,12,11,24,26,28,20
#109,3,瓦斯弹,毒,,化学变化气体,18,19,19,22,18,18,13,10,1,2,21,6
#022,36,大嘴雀,一般,飞行,锐利目光,112,97,86,62,74,111,7,22,0,18,14,22
#002,15,妙蛙草,草,毒,茂盛,55,42,41,40,42,38,31,24,6,30,27,17
#001,8,妙蛙种子,草,毒,茂盛,30,24,28,28,30,26,23,7,14,13,7,16
#039,20,胖丁,一般,妖精,好胜,86,43,46,28,34,29,0,27,0,25,16,25
#082,27,三合一磁怪,电,钢,结实,85,63,99,77,75,59,15,1,9,10,30,14
#055,14,哥达鸭,水,,无关天气,54,43,49,42,43,47,8,1,20,20,0,22
#146,28,火焰鸟,火,飞行,压迫感,94,87,91,81,81,71,7,10,9,26,30,19
#150,12,超梦,超能力,,压迫感,55,50,55,41,40,48,11,20,14,14,21,4
#038,19,九尾,火,,引火,75,51,53,58,67,60,14,20,3,10,25,30
#063,25,凯西,超能力,,精神力,64,45,79,37,65,66,3,7,7,17,0,14
#038,7,九尾,火,,引火,32,30,28,29,32,33,18,27,27,22,25,21
#088,9,臭泥,毒,,黏着,38,34,26,25,26,25,11,4,23,25,18,10
#088,14,臭泥,毒,,黏着,55,42,28,38,29,27,30,9,11,4,26,6
#010,35,绿毛虫,虫,,鳞粉,95,55,36,49,33,62,0,29,11,8,24,21
#040,13,胖可丁,一般,妖精,好胜,69,37,42,30,38,28,26,26,22,28,30,20
#009,14,水箭龟,水,,激流,59,46,42,45,47,45,13,11,24,16,23,13
#039,39,胖丁,一般,妖精,好胜,174,64,72,39,48,49,14,13,27,18,1,29
#040,40,胖可丁,一般,妖精,好胜,171,82,105,58,78,78,11,18,24,9,15,17
#138,15,菊石兽,岩石,水,硬壳盔甲,36,37,51,53,37,36,22,24,1,16,26,14
#060,25,蚊香蝌蚪,水,,湿气,58,56,54,43,47,64,7,4,22,23,20,11
#085,37,嘟嘟利,一般,飞行,早起,118,109,65,87,75,109,19,31,31,27,14,14
#037,2,六尾,火,,引火,15,17,18,17,18,17,30,26,11,9,31,10
#005,37,火恐龙,火,,猛火,118,75,79,87,84,88,17,8,0,22,16,10
#137,12,多边兽,一般,,下载,44,35,43,38,38,27,8,1,11,10,28,11
#143,32,卡比兽,一般,,厚脂肪,169,113,72,77,97,45,29,1,29,4,14,10
#052,29,喵喵,一般,,技术高手,74,44,48,55,54,89,19,28,30,18,1,0
#147,19,迷你龙,龙,,蜕皮,51,41,43,42,44,34,8,8,15,30,28,27
#050,26,地鼠,地面,,沙穴,52,51,51,35,54,77,29,28,2,5,2,24
#127,8,凯罗斯,虫,,破格,33,40,30,36,26,32,13,21,11,18,24,7
#068,19,怪力,格斗,,无防守,76,72,44,53,60,39,7,15,0,19,4,26
#131,5,拉普拉斯,水,冰,硬壳盔甲,32,27,24,25,26,22,4,12,3,19,5,19
#144,34,急冻鸟,冰,飞行,压迫感,144,101,94,109,107,84,18,4,3,12,0,2
#035,35,皮皮,妖精,,魔法防守,123,66,67,81,70,58,6,5,25,0,7,14
#098,25,大钳蟹,水,,硬壳盔甲,66,80,41,77,34,53,7,2,11,2,27,14
#073,37,毒刺水母,水,毒,污泥浆,146,87,87,75,116,111,22,29,23,10,18,14
#030,38,尼多娜,毒,,斗争心,125,70,67,74,79,62,19,19,9,13,27,11
#085,37,嘟嘟利,一般,飞行,早起,99,97,84,87,83,130,31,13,27,21,31,8
#071,9,大食花,草,毒,叶绿素,43,39,36,29,28,30,11,11,7,11,25,28
#087,34,白海狮,水,冰,湿润之躯,124,79,76,92,101,88,6,31,15,23,15,9
#029,23,尼多兰,毒,,斗争心,74,50,37,60,52,42,11,28,27,30,11,2
#040,8,胖可丁,一般,妖精,好胜,48,31,31,24,28,27,18,13,0,18,26,26
#104,39,卡拉卡拉,地面,,避雷针,115,57,81,123,78,62,16,3,17,25,17,16
#122,6,魔墙人偶,超能力,妖精,过滤,25,21,28,26,33,30,13,22,16,26,1,1
#041,39,超音蝠,毒,飞行,精神力,99,57,57,61,69,89,3,19,29,1,23,23
#114,34,蔓藤怪,草,,叶子防守,91,69,103,111,60,61,28,14,10,12,31,20
#040,11,胖可丁,一般,妖精,好胜,60,37,36,28,32,31,30,5,3,5,20,9
#142,14,化石翼龙,岩石,飞行,压迫感,51,49,37,38,47,52,11,0,6,10,1,5
#024,10,阿柏怪,毒,,蜕皮,33,40,30,30,35,37,26,9,5,3,31,14
#139,40,多刺菊石兽,岩石,水,硬壳盔甲,145,89,109,139,88,87,1,14,13,24,24,15
#005,30,火恐龙,火,,猛火,102,66,68,70,62,87,9,23,10,25,28,31
#081,37,小磁怪,电,钢,结实,105,56,110,92,83,61,11,31,26,25,18,14
#113,6,吉利蛋,一般,,天恩,51,20,19,19,31,23,9,15,14,18,20,10
#144,36,急冻鸟,冰,飞行,压迫感,131,84,100,95,129,100,6,10,13,12,14,24
#147,9,迷你龙,龙,,蜕皮,28,32,25,28,25,29,14,3,6,4,4,14
#132,38,百变怪,一般,,柔软,114,76,80,56,62,55,26,3,21,28,6,27
#021,6,烈雀,一般,飞行,锐利目光,26,26,21,20,23,25,8,11,31,27,11,21
#033,3,尼多力诺,毒,,斗争心,18,21,20,20,18,19,24,24,24,8,21,5
#134,32,水伊布,水,,储水,144,67,101,69,93,76,7,2,28,0,30,20
#084,31,嘟嘟,一般,飞行,早起,78,79,43,52,57,84,29,10,3,17,12,9
#142,38,化石翼龙,岩石,飞行,压迫感,140,117,87,96,98,134,13,22,24,21,18,22
#119,35,金鱼王,水,,水幕,124,101,78,73,97,89,16,0,28,22,3,3
#042,4,大嘴蝠,毒,飞行,精神力,22,22,22,21,23,24,14,15,12,19,10,4
#063,11,凯西,超能力,,精神力,28,24,40,20,29,40,23,10,4,19,24,3
#009,23,水箭龟,水,,激流,90,72,66,68,73,56,13,11,13,3,21,7
#145,20,闪电鸟,电,飞行,压迫感,73,64,70,61,59,65,2,31,10,22,1,18
#077,35,小火马,火,,引火,92,79,77,62,72,97,12,2,9,0,0,28
#027,36,穿山鼠,地面,,沙隐,105,75,57,82,61,52,7,25,17,3,26,18
#042,27,大嘴蝠,毒,飞行,精神力,93,80,51,66,66,78,29,26,7,24,20,11
#102,20,蛋蛋,草,超能力,叶绿素,66,42,45,55,38,36,5,30,23,5,30,17
#090,38,大舌贝,水,,连续攻击,96,87,72,106,54,70,23,3,29,29,8,19
#044,5,臭臭花,草,毒,叶绿素,26,25,26,25,25,21,1,13,14,14,6,3
#048,31,毛球,虫,毒,有色眼镜,105,57,54,61,69,48,27,6,25,19,12,5
#098,38,大钳蟹,水,,硬壳盔甲,90,119,45,107,44,81,4,26,17,26,9,23
#076,39,隆隆岩,岩石,地面,结实,136,119,86,145,82,79,22,16,16,24,31,2
#120,37,海星星,水,,自然回复,112,74,82,76,69,97,10,4,21,7,15,24
#008,27,卡咪龟,水,,激流,90,55,63,62,61,68,29,29,16,8,5,21
#148,22,哈克龙,龙,,蜕皮,69,68,56,62,55,46,29,21,2,13,30,8
#032,37,尼多朗,毒,,斗争心,100,87,67,55,63,65,19,4,14,6,22,28
#088,13,臭泥,毒,,黏着,51,37,25,33,30,30,2,23,17,30,14,20
#054,15,可达鸭,水,,无关天气,55,39,41,36,34,36,9,20,16,4,24,30
#062,28,蚊香泳士,水,格斗,湿气,109,75,70,78,82,76,30,5,11,15,4,23
#027,8,穿山鼠,地面,,沙隐,29,30,21,33,21,24,28,27,21,31,14,17
#089,16,臭臭泥,毒,,黏着,63,56,48,46,56,44,4,5,29,4,1,9
#132,32,百变怪,一般,,柔软,82,61,57,71,64,57,23,26,3,27,15,6
#069,40,喇叭芽,草,毒,叶绿素,93,94,105,60,60,53,10,5,29,7,4,22
#059,8,风速狗,火,,引火,35,36,34,29,32,35,23,14,3,29,13,25
#128,15,肯泰罗,一般,,愤怒穴位,52,54,35,48,45,55,20,11,31,29,27,13
#081,35,小磁怪,电,钢,结实,97,66,101,88,67,59,18,14,24,5,1,24
#046,23,派拉斯,虫,草,干燥皮肤,61,67,41,52,43,39,30,8,9,21,15,17
#060,2,蚊香蝌蚪,水,,湿气,14,18,16,17,17,19,18,2,31,27,8,16
#139,28,多刺菊石兽,岩石,水,硬壳盔甲,89,63,96,108,63,59,8,11,22,6,4,3
#097,37,引梦貘人,超能力,,预知梦,118,90,91,80,112,80,20,2,0,8,14,16
#036,36,皮可西,妖精,,魔法防守,139,82,96,73,110,84,7,27,15,20,23,1
#141,23,镰刀盔,岩石,水,战斗盔甲,76,76,53,69,53,58,26,23,22,10,24,26
#066,14,腕力,格斗,,无防守,50,44,29,29,34,28,8,1,28,11,17,14
#128,36,肯泰罗,一般,,愤怒穴位,113,108,63,90,91,103,6,22,16,14,15,30
#041,19,超音蝠,毒,飞行,精神力,60,37,34,42,37,47,29,17,26,26,2,10
#059,27,风速狗,火,,引火,105,90,81,69,62,84,5,18,11,14,4,15
#069,5,喇叭芽,草,毒,叶绿素,21,23,22,21,21,20,15,13,28,9,11,16
#076,5,隆隆岩,岩石,地面,结实,26,31,23,32,24,19,3,7,7,12,29,28
#036,40,皮可西,妖精,,魔法防守,157,79,120,97,105,84,8,5,10,19,24,22
#027,5,穿山鼠,地面,,沙隐,21,24,20,24,19,22,5,28,2,4,4,26
#118,11,角金鱼,水,,水幕,34,33,28,33,29,31,5,11,28,5,26,0
#087,4,白海狮,水,冰,湿润之躯,23,21,22,22,24,23,0,3,4,16,17,23
#083,28,大葱鸭,一般,飞行,精神力,88,73,66,58,61,57,4,24,13,28,14,17
#004,34,小火龙,火,,猛火,105,75,68,61,64,77,7,19,10,24,26,9
#144,7,急冻鸟,冰,飞行,压迫感,33,27,34,33,33,31,22,29,27,11,15,26
#125,25,电击兽,电,,静电,73,71,72,62,79,78,16,25,25,15,5,14
#017,6,比比鸟,一般,飞行,蹒跚,27,24,22,23,22,27,27,2,22,2,6,15
#064,21,勇基拉,超能力,,精神力,69,41,75,38,54,72,4,26,25,13,27,11
#144,24,急冻鸟,冰,飞行,压迫感,92,62,80,75,85,65,17,17,8,19,8,6
#144,36,急冻鸟,冰,飞行,压迫感,135,97,96,108,115,104,18,19,5,13,7,11
#016,21,波波,一般,飞行,蹒跚,65,35,35,43,39,50,12,13,30,30,8,26
#097,18,引梦貘人,超能力,,预知梦,64,54,42,44,57,51,15,13,3,10,30,20
#125,25,电击兽,电,,静电,86,73,70,44,67,77,5,13,26,4,29,2
#018,12,大比鸟,一般,飞行,蹒跚,45,38,35,38,37,42,17,22,7,19,8,9
#109,29,瓦斯弹,毒,,化学变化气体,79,62,60,93,48,56,23,22,24,22,30,4
#113,18,吉利蛋,一般,,天恩,124,22,34,29,68,41,13,5,28,0,10,0
#127,8,凯罗斯,虫,,破格,32,38,27,33,29,31,3,31,31,22,8,24
#077,4,小火马,火,,引火,20,23,22,21,22,23,7,9,25,4,9,9
#020,33,拉达,一般,,毅力,92,84,66,80,81,108,23,30,7,8,3,15
#112,37,钻角犀兽,地面,岩石,坚硬脑袋,149,127,57,109,73,47,13,28,14,18,14,21
#013,34,独角虫,虫,毒,鳞粉,101,48,47,56,48,60,26,11,9,0,6,0
#058,30,卡蒂狗,火,,引火,94,63,80,62,60,65,31,13,18,29,2,19
#038,22,九尾,火,,引火,77,66,61,53,69,68,17,8,20,30,21,14
#099,18,巨钳蟹,水,,硬壳盔甲,56,73,44,69,41,56,8,13,7,23,0,3
#054,10,可达鸭,水,,无关天气,37,28,32,26,31,31,23,9,25,3,4,10
#144,40,急冻鸟,冰,飞行,压迫感,143,119,109,114,120,110,2,18,12,22,24,15
#103,23,椰蛋树,草,超能力,叶绿素,92,74,79,65,50,43,5,11,18,1,18,12
#104,25,卡拉卡拉,地面,,避雷针,79,55,55,73,55,35,29,2,9,27,13,26
#142,12,化石翼龙,岩石,飞行,压迫感,46,49,31,40,36,53,7,31,22,3,12,2
#110,30,双弹瓦斯,毒,,化学变化气体,90,71,87,89,60,71,3,25,13,17,3,18
#144,9,急冻鸟,冰,飞行,压迫感,43,31,39,35,41,31,1,17,21,20,23,20
#070,14,口呆花,草,毒,叶绿素,54,40,46,41,31,34,1,14,10,16,18,25
#101,17,顽皮雷弹,电,,静电,65,42,43,46,52,77,9,13,27,1,28,18
#083,32,大葱鸭,一般,飞行,精神力,79,98,64,61,71,73,9,11,19,14,11,18
#069,5,喇叭芽,草,毒,叶绿素,23,24,24,21,19,20,28,0,16,6,2,8
#070,26,口呆花,草,毒,叶绿素,78,70,76,56,54,51,15,7,9,29,25,8
#056,26,猴怪,格斗,,愤怒穴位,70,76,52,36,60,72,22,1,5,23,22,13
#120,3,海星星,水,,自然回复,17,18,20,19,19,22,16,11,7,4,18,23
#002,9,妙蛙草,草,毒,茂盛,39,29,32,33,33,28,10,12,30,22,9,12
#073,25,毒刺水母,水,毒,污泥浆,81,56,62,66,80,76,17,31,18,31,6,13
#136,3,火伊布,火,,引火,19,24,22,20,23,21,3,19,2,18,3,21
#038,37,九尾,火,,引火,130,79,87,82,119,104,26,5,3,16,4,31
#147,23,迷你龙,龙,,蜕皮,77,60,42,47,50,50,27,1,20,9,12,19
#108,13,大舌头,一般,,迟钝,54,37,35,41,39,26,25,12,20,8,27,3
#087,31,白海狮,水,冰,湿润之躯,117,79,67,74,89,69,6,8,21,23,2,3
#073,40,毒刺水母,水,毒,污泥浆,147,83,93,76,141,121,6,24,17,8,11,16
#114,38,蔓藤怪,草,,叶子防守,129,81,98,122,56,85,29,7,29,1,22,9
#148,12,哈克龙,龙,,蜕皮,41,44,32,33,34,39,3,5,18,18,28,9
#007,24,杰尼龟,水,,激流,77,45,52,66,60,46,2,15,25,13,27,0
#040,5,胖可丁,一般,妖精,好胜,33,25,27,21,22,21,21,23,31,23,3,12
#070,26,口呆花,草,毒,叶绿素,83,64,69,50,50,50,29,6,0,23,31,21
#101,7,顽皮雷弹,电,,静电,27,24,28,26,26,37,16,5,17,4,7,23
#045,12,霸王花,草,毒,叶绿素,45,40,48,43,44,28,29,2,0,20,8,16
#072,27,玛瑙水母,水,毒,污泥浆,71,49,51,51,93,69,4,30,20,31,28,30
#015,28,大针蜂,虫,毒,虫之预感,100,82,44,47,77,72,15,13,31,31,15,10
#091,2,刺甲贝,水,冰,连续攻击,14,19,18,22,17,18,17,6,23,16,25,17
#013,27,独角虫,虫,毒,鳞粉,63,45,33,45,28,49,4,13,14,20,9,10
#119,4,金鱼王,水,,水幕,22,24,20,22,23,21,25,4,1,7,3,10
#068,15,怪力,格斗,,无防守,64,58,41,52,47,42,5,19,19,4,14,9
#064,28,勇基拉,超能力,,精神力,78,51,92,42,64,93,8,19,28,19,19,31
#137,23,多边兽,一般,,下载,87,52,60,53,57,50,7,9,9,25,16,23
#033,33,尼多力诺,毒,,斗争心,111,89,58,80,70,73,21,20,30,19,16,21
#020,6,拉达,一般,,毅力,26,27,23,25,25,29,14,24,2,5,2,9
#048,29,毛球,虫,毒,有色眼镜,85,64,52,55,62,54,23,7,11,29,13,9
#046,26,派拉斯,虫,草,干燥皮肤,79,71,59,50,61,41,13,29,22,28,7,2
#013,19,独角虫,虫,毒,鳞粉,59,39,32,36,30,43,13,18,6,17,10,31
#055,31,哥达鸭,水,,无关天气,114,84,101,74,81,86,24,18,27,5,28,24
#010,33,绿毛虫,虫,,鳞粉,105,45,38,51,37,58,29,15,30,12,15,17
#123,25,飞天螳螂,虫,飞行,技术高手,73,85,61,69,66,86,16,7,0,20,1,11
#133,25,伊布,一般,,适应力,79,48,54,49,57,52,19,15,11,27,8,17
#047,23,派拉斯特,虫,草,干燥皮肤,76,71,44,66,58,38,21,23,13,16,23,9
#035,25,皮皮,妖精,,魔法防守,88,52,48,56,52,43,19,17,0,26,3,4
#061,30,蚊香君,水,,湿气,96,67,52,77,63,73,30,16,6,16,1,7
#099,17,巨钳蟹,水,,硬壳盔甲,51,67,36,62,39,49,31,11,10,30,20,23
#137,27,多边兽,一般,,下载,83,54,82,71,73,47,0,12,2,22,2,29
#048,39,毛球,虫,毒,有色眼镜,119,83,47,80,65,57,26,16,29,13,30,6
#024,24,阿柏怪,毒,,蜕皮,80,69,53,59,70,56,14,25,2,8,27,7
#057,7,火暴猴,格斗,,愤怒穴位,33,32,25,28,27,33,7,8,16,13,0,26
#115,37,袋兽,一般,,胆量,158,109,56,103,90,110,21,18,10,4,20,18
#020,11,拉达,一般,,毅力,40,39,31,35,31,40,19,4,15,3,9,2
#121,37,宝石海星,水,超能力,自然回复,97,80,108,90,90,112,7,3,7,6,7,1
#098,40,大钳蟹,水,,硬壳盔甲,97,131,51,120,63,86,16,9,9,6,16,31
#005,5,火恐龙,火,,猛火,25,24,25,21,25,24,19,24,4,7,5,0
#064,5,勇基拉,超能力,,精神力,23,20,28,20,24,29,20,27,1,18,12,2
#070,7,口呆花,草,毒,叶绿素,30,28,30,23,26,24,10,13,23,29,13,15
#030,11,尼多娜,毒,,斗争心,44,37,30,35,34,29,30,24,30,4,14,6
#133,13,伊布,一般,,适应力,51,30,30,32,36,35,25,17,29,11,23,12
#060,5,蚊香蝌蚪,水,,湿气,20,21,20,22,22,26,5,9,1,19,9,14
#040,17,胖可丁,一般,妖精,好胜,89,45,56,41,36,33,24,27,12,14,7,31
#137,38,多边兽,一般,,下载,116,88,86,83,93,74,2,15,29,2,3,22
#087,8,白海狮,水,冰,湿润之躯,35,29,31,30,32,32,30,7,17,28,21,28
#050,7,地鼠,地面,,沙穴,24,27,25,21,26,32,10,24,17,16,22,12
#020,23,拉达,一般,,毅力,73,67,49,57,55,62,29,25,15,22,3,29
#066,25,腕力,格斗,,无防守,87,70,52,49,51,47,5,0,31,16,29,23
